ID Estudiante,Modalidad,Calificación Final,Asistencia (%),Tiempo de Estudio (hrs),Interacciones (foros),Participación Clase,Evaluación Intermedia,Satisfacción,Retención de Información (%),Motivación (%),Tiempo Dedicación (hrs)
1,Presencial,94,97.0,,,9.0,91,4,60,96,20
2,Presencial,67,83.0,,,13.0,79,4,51,76,38
3,Presencial,71,88.0,,,12.0,98,1,94,94,26
4,En línea,98,,46.0,14.0,,71,4,69,85,21
5,En línea,66,,49.0,24.0,,99,2,55,57,20
6,Presencial,58,97.0,,,8.0,96,3,72,94,24
7,Presencial,74,99.0,,,19.0,82,3,94,70,28
8,En línea,66,,51.0,18.0,,98,2,99,90,23
9,En línea,56,,19.0,11.0,,68,5,68,71,26
10,En línea,58,,49.0,23.0,,98,4,100,67,33
11,En línea,98,,26.0,14.0,,90,2,93,50,35
12,En línea,79,,24.0,19.0,,63,4,80,82,31
13,Presencial,51,90.0,,,7.0,91,2,52,87,23
14,Presencial,72,100.0,,,16.0,97,2,99,93,30
15,Presencial,59,94.0,,,15.0,75,4,58,62,24
16,Presencial,54,80.0,,,18.0,88,5,76,64,21
17,En línea,95,,23.0,25.0,,70,5,55,95,31
18,Presencial,80,84.0,,,9.0,97,2,79,82,22
19,En línea,55,,44.0,14.0,,53,4,92,88,26
20,En línea,60,,59.0,15.0,,90,4,83,77,34
21,Presencial,68,99.0,,,16.0,94,2,89,69,24
22,En línea,64,,32.0,12.0,,87,3,51,58,35
23,En línea,59,,20.0,25.0,,72,4,97,56,37
24,Presencial,80,76.0,,,16.0,96,4,87,58,36
25,En línea,97,,55.0,26.0,,53,5,90,52,40
26,Presencial,59,76.0,,,16.0,67,4,77,52,18
27,En línea,55,,12.0,14.0,,61,4,54,100,29
28,En línea,78,,16.0,5.0,,95,3,87,64,27
29,Presencial,66,78.0,,,13.0,50,5,61,79,37
30,En línea,61,,53.0,25.0,,90,5,84,57,28
31,Presencial,100,81.0,,,10.0,84,5,60,66,13
32,Presencial,96,83.0,,,17.0,52,1,92,97,10
33,En línea,69,,55.0,13.0,,57,2,63,98,38
34,En línea,88,,34.0,23.0,,68,4,96,61,12
35,Presencial,86,96.0,,,19.0,76,4,98,97,14
36,Presencial,72,74.0,,,17.0,97,2,50,83,29
37,Presencial,90,87.0,,,19.0,95,2,74,63,34
38,En línea,55,,27.0,15.0,,79,1,88,57,41
39,Presencial,67,91.0,,,16.0,93,4,82,92,32
40,En línea,97,,22.0,12.0,,74,4,81,79,45
41,En línea,86,,22.0,12.0,,89,3,79,95,42
42,En línea,96,,56.0,27.0,,56,4,91,96,22
43,Presencial,86,79.0,,,14.0,91,4,66,83,25
44,En línea,94,,18.0,15.0,,90,4,89,55,22
45,Presencial,88,87.0,,,5.0,98,4,95,87,30
46,En línea,54,,54.0,21.0,,83,4,84,79,10
47,En línea,99,,23.0,15.0,,63,3,99,91,27
48,En línea,84,,24.0,29.0,,96,3,79,90,49
49,Presencial,88,80.0,,,13.0,86,2,52,71,29
50,En línea,93,,43.0,22.0,,92,3,99,84,46
51,En línea,95,,33.0,24.0,,91,2,97,68,36
52,En línea,80,,31.0,20.0,,69,5,93,84,14
53,Presencial,51,88.0,,,9.0,87,5,78,54,40
54,Presencial,88,77.0,,,9.0,63,2,74,77,27
55,Presencial,73,98.0,,,20.0,100,3,58,87,27
56,En línea,54,,52.0,9.0,,76,5,78,99,50
57,En línea,54,,47.0,14.0,,57,2,98,59,40
58,Presencial,76,86.0,,,16.0,53,4,59,78,12
59,Presencial,60,80.0,,,6.0,52,2,57,65,40
60,En línea,86,,54.0,27.0,,95,5,92,54,21
61,En línea,94,,28.0,7.0,,97,3,86,61,24
62,Presencial,96,85.0,,,13.0,50,2,57,53,22
63,Presencial,63,85.0,,,7.0,99,2,90,94,25
64,En línea,58,,49.0,14.0,,82,5,85,56,11
65,En línea,88,,15.0,29.0,,73,4,65,86,11
66,Presencial,84,77.0,,,11.0,53,5,72,69,31
67,En línea,76,,56.0,15.0,,94,1,93,69,22
68,Presencial,61,70.0,,,5.0,87,5,88,61,19
69,En línea,86,,40.0,26.0,,57,1,58,81,15
70,En línea,52,,58.0,8.0,,78,4,61,67,22
71,Presencial,66,75.0,,,9.0,50,2,61,81,32
72,En línea,63,,14.0,8.0,,69,4,57,61,47
73,En línea,56,,36.0,9.0,,50,4,53,91,11
74,En línea,60,,42.0,15.0,,61,2,71,70,35
75,En línea,93,,56.0,20.0,,79,1,72,52,41
76,Presencial,60,96.0,,,16.0,70,1,61,83,37
77,Presencial,91,79.0,,,8.0,97,2,76,93,23
78,En línea,67,,50.0,21.0,,70,4,60,65,32
79,En línea,99,,40.0,29.0,,78,2,96,85,18
80,Presencial,69,93.0,,,8.0,83,1,75,72,36
81,Presencial,57,78.0,,,15.0,81,2,78,94,40
82,Presencial,95,81.0,,,13.0,59,4,94,81,27
83,En línea,66,,36.0,5.0,,68,4,61,96,46
84,Presencial,76,82.0,,,5.0,62,3,68,52,13
85,En línea,72,,15.0,28.0,,61,5,56,59,33
86,En línea,95,,27.0,16.0,,95,2,97,82,11
87,Presencial,99,73.0,,,8.0,70,1,72,90,23
88,Presencial,97,96.0,,,16.0,85,4,79,92,17
89,Presencial,58,99.0,,,11.0,59,1,66,93,39
90,Presencial,96,78.0,,,16.0,51,1,73,62,21
91,Presencial,78,78.0,,,15.0,73,2,65,91,20
92,Presencial,66,71.0,,,6.0,64,3,51,92,21
93,Presencial,72,71.0,,,20.0,65,2,70,58,24
94,En línea,94,,43.0,25.0,,50,5,86,55,17
95,Presencial,92,100.0,,,19.0,60,4,78,82,24
96,Presencial,56,94.0,,,16.0,90,5,98,76,17
97,En línea,64,,26.0,12.0,,63,1,57,90,15
98,Presencial,86,75.0,,,7.0,96,2,68,72,38
99,Presencial,86,74.0,,,9.0,89,2,97,76,24
100,Presencial,91,71.0,,,8.0,66,3,51,88,11
101,Presencial,64,100.0,,,20.0,86,3,88,60,12
102,Presencial,64,90.0,,,7.0,64,5,70,54,37
103,En línea,86,,16.0,12.0,,85,4,55,53,29
104,Presencial,59,74.0,,,15.0,79,3,87,75,30
105,En línea,92,,43.0,29.0,,55,3,78,62,19
106,En línea,60,,14.0,10.0,,84,5,87,90,14
107,Presencial,81,80.0,,,14.0,66,1,94,82,13
108,En línea,73,,38.0,17.0,,97,2,55,89,49
109,Presencial,58,97.0,,,8.0,68,2,79,86,14
110,En línea,94,,60.0,8.0,,79,1,82,94,16
111,Presencial,67,87.0,,,10.0,56,2,60,51,26
112,En línea,72,,55.0,17.0,,89,3,86,94,28
113,Presencial,74,79.0,,,12.0,67,4,81,95,31
114,Presencial,97,99.0,,,20.0,88,1,61,90,10
115,En línea,75,,24.0,21.0,,82,3,62,96,15
116,Presencial,59,80.0,,,8.0,84,4,85,88,25
117,En línea,56,,35.0,9.0,,79,2,89,57,24
118,Presencial,64,79.0,,,19.0,89,4,91,64,13
119,En línea,87,,45.0,15.0,,54,5,51,67,29
120,Presencial,63,91.0,,,8.0,73,1,72,54,22
121,En línea,93,,49.0,6.0,,73,2,73,55,20
122,Presencial,57,92.0,,,18.0,54,4,89,86,25
123,Presencial,54,100.0,,,17.0,51,3,72,74,39
124,Presencial,71,71.0,,,17.0,73,5,55,72,17
125,Presencial,67,98.0,,,16.0,82,5,69,83,32
126,En línea,84,,40.0,6.0,,87,4,79,76,48
127,En línea,81,,42.0,11.0,,66,1,55,53,21
128,En línea,55,,29.0,29.0,,51,4,71,94,24
129,Presencial,62,81.0,,,14.0,62,4,74,57,22
130,Presencial,92,100.0,,,5.0,79,1,83,98,31
131,En línea,98,,46.0,7.0,,66,2,84,92,24
132,En línea,77,,16.0,17.0,,94,2,51,56,50
133,Presencial,84,82.0,,,9.0,87,1,64,85,34
134,En línea,79,,37.0,19.0,,73,4,67,53,47
135,En línea,92,,49.0,27.0,,82,4,59,80,23
136,Presencial,62,73.0,,,9.0,50,1,83,95,37
137,En línea,56,,12.0,14.0,,83,2,81,88,37
138,En línea,83,,36.0,5.0,,67,1,83,82,41
139,Presencial,67,87.0,,,11.0,53,5,98,67,27
140,Presencial,86,82.0,,,11.0,96,1,65,85,32
141,Presencial,55,83.0,,,13.0,95,1,97,81,27
142,Presencial,84,71.0,,,17.0,81,1,70,68,15
143,Presencial,51,94.0,,,14.0,68,1,77,73,18
144,En línea,57,,48.0,20.0,,57,4,100,91,32
145,Presencial,61,84.0,,,11.0,65,2,66,50,40
146,En línea,79,,51.0,29.0,,71,1,73,82,39
147,Presencial,72,93.0,,,20.0,54,4,75,58,26
148,En línea,86,,41.0,29.0,,77,3,61,77,45
149,Presencial,94,82.0,,,12.0,85,5,53,62,29
150,En línea,94,,38.0,10.0,,85,1,83,86,50
151,En línea,76,,40.0,24.0,,68,1,75,85,23
152,En línea,90,,58.0,28.0,,90,4,84,96,32
153,En línea,81,,16.0,6.0,,94,3,89,85,16
154,Presencial,81,84.0,,,8.0,69,1,68,92,14
155,Presencial,66,80.0,,,14.0,64,3,66,57,22
156,Presencial,73,78.0,,,8.0,60,1,56,56,20
157,Presencial,84,73.0,,,7.0,53,4,90,80,20
158,Presencial,73,70.0,,,15.0,79,4,61,69,34
159,En línea,88,,50.0,15.0,,56,1,50,86,46
160,Presencial,57,95.0,,,8.0,83,1,80,89,19
161,Presencial,76,80.0,,,13.0,55,4,51,68,16
162,Presencial,100,92.0,,,18.0,72,5,53,77,38
163,Presencial,85,91.0,,,6.0,92,5,100,77,40
164,En línea,63,,18.0,13.0,,93,2,79,99,12
165,En línea,90,,52.0,25.0,,89,1,64,52,50
166,En línea,68,,54.0,15.0,,76,1,89,55,41
167,En línea,76,,58.0,10.0,,66,2,94,84,36
168,En línea,60,,60.0,24.0,,55,5,68,52,29
169,Presencial,66,93.0,,,16.0,62,5,71,62,34
170,Presencial,61,94.0,,,18.0,67,3,83,65,39
171,En línea,75,,32.0,12.0,,67,4,87,77,39
172,En línea,54,,42.0,12.0,,92,2,55,85,44
173,Presencial,92,74.0,,,8.0,94,1,71,53,22
174,En línea,78,,58.0,14.0,,63,3,62,58,39
175,Presencial,98,77.0,,,9.0,62,4,78,87,32
176,Presencial,89,89.0,,,10.0,66,2,99,69,10
177,Presencial,88,98.0,,,17.0,54,4,50,63,20
178,En línea,91,,57.0,16.0,,79,4,90,92,45
179,Presencial,98,75.0,,,10.0,71,5,62,67,21
180,En línea,69,,14.0,30.0,,72,5,52,88,43
181,Presencial,55,87.0,,,20.0,84,4,95,71,28
182,En línea,91,,37.0,23.0,,69,1,70,96,46
183,Presencial,81,85.0,,,14.0,82,2,60,95,39
184,Presencial,63,95.0,,,7.0,77,4,76,90,24
185,En línea,96,,23.0,13.0,,100,2,62,72,17
186,En línea,90,,42.0,8.0,,85,5,85,56,46
187,En línea,61,,25.0,15.0,,94,4,62,64,44
188,En línea,62,,42.0,30.0,,75,1,65,98,29
189,En línea,91,,21.0,7.0,,71,4,80,62,50
190,Presencial,75,75.0,,,9.0,97,4,74,96,27
191,En línea,96,,32.0,30.0,,70,3,93,93,32
192,En línea,66,,38.0,14.0,,51,3,90,60,48
193,Presencial,63,89.0,,,7.0,58,4,53,52,35
194,En línea,67,,38.0,24.0,,95,4,69,61,13
195,Presencial,64,95.0,,,11.0,78,1,83,91,30
196,Presencial,74,78.0,,,12.0,73,2,55,96,17
197,En línea,79,,35.0,18.0,,92,4,62,98,47
198,En línea,67,,35.0,11.0,,82,1,66,95,21
199,En línea,80,,10.0,13.0,,92,5,90,86,40
200,Presencial,82,84.0,,,10.0,99,1,86,72,17
201,Presencial,92,76.0,,,18.0,76,1,98,80,11
202,Presencial,73,71.0,,,19.0,79,5,62,92,36
203,Presencial,55,87.0,,,16.0,99,1,96,82,10
204,Presencial,79,79.0,,,20.0,89,2,68,62,35
205,En línea,98,,16.0,8.0,,91,5,62,92,33
206,Presencial,82,90.0,,,9.0,88,2,64,51,35
207,En línea,51,,12.0,6.0,,75,4,87,55,47
208,Presencial,67,72.0,,,19.0,67,1,86,61,34
209,Presencial,66,88.0,,,15.0,60,5,65,60,27
210,En línea,53,,48.0,9.0,,86,2,90,58,30
211,En línea,87,,51.0,23.0,,67,2,92,65,50
212,En línea,61,,52.0,12.0,,75,4,66,77,21
213,En línea,70,,32.0,11.0,,89,1,55,93,29
214,En línea,100,,38.0,10.0,,95,3,60,65,50
215,En línea,92,,45.0,21.0,,76,2,98,97,32
216,En línea,70,,12.0,22.0,,98,5,58,64,33
217,En línea,67,,53.0,6.0,,98,1,74,96,13
218,En línea,87,,29.0,5.0,,58,5,91,74,38
219,En línea,61,,40.0,16.0,,75,1,76,55,27
220,En línea,82,,37.0,6.0,,63,5,82,61,44
221,En línea,53,,59.0,11.0,,68,4,54,96,44
222,En línea,62,,36.0,14.0,,52,2,100,88,18
223,En línea,88,,28.0,10.0,,65,2,90,64,20
224,Presencial,76,93.0,,,12.0,63,3,98,56,29
225,Presencial,65,71.0,,,12.0,79,5,64,64,17
226,En línea,66,,35.0,5.0,,62,5,52,99,22
227,En línea,96,,30.0,21.0,,96,2,65,83,10
228,Presencial,67,94.0,,,20.0,76,4,90,93,23
229,En línea,59,,34.0,19.0,,91,3,83,61,35
230,Presencial,71,78.0,,,5.0,88,2,77,59,29
231,Presencial,69,81.0,,,11.0,61,4,54,65,21
232,En línea,73,,25.0,20.0,,83,3,59,59,15
233,En línea,95,,39.0,15.0,,69,2,50,86,30
234,Presencial,90,100.0,,,17.0,81,1,79,73,19
235,En línea,71,,53.0,10.0,,63,1,76,92,20
236,En línea,81,,39.0,10.0,,86,5,58,75,45
237,Presencial,63,97.0,,,7.0,56,5,97,95,40
238,Presencial,54,89.0,,,10.0,82,1,78,90,26
239,En línea,65,,57.0,26.0,,92,4,61,77,11
240,Presencial,61,91.0,,,5.0,84,4,58,65,16
241,En línea,76,,13.0,27.0,,65,3,76,96,33
242,En línea,98,,27.0,6.0,,74,4,61,85,35
243,En línea,74,,27.0,5.0,,91,1,60,99,18
244,En línea,73,,41.0,10.0,,97,3,55,59,38
245,Presencial,50,97.0,,,9.0,93,3,91,79,33
246,Presencial,51,96.0,,,13.0,68,5,93,100,18
247,En línea,65,,55.0,9.0,,81,2,93,88,35
248,En línea,57,,17.0,24.0,,67,4,79,88,29
249,Presencial,87,77.0,,,20.0,77,1,76,65,24
250,Presencial,99,80.0,,,20.0,74,5,72,82,38
251,Presencial,69,100.0,,,6.0,88,4,85,67,25
252,Presencial,62,100.0,,,9.0,99,4,63,73,18
253,En línea,97,,15.0,19.0,,50,3,74,69,32
254,En línea,58,,40.0,16.0,,93,5,73,75,46
255,En línea,55,,10.0,23.0,,86,4,60,85,19
256,Presencial,54,81.0,,,14.0,77,4,64,72,30
257,En línea,71,,40.0,8.0,,62,1,79,79,33
258,En línea,55,,41.0,12.0,,83,4,83,83,16
259,En línea,78,,25.0,15.0,,76,3,82,70,14
260,Presencial,53,86.0,,,15.0,80,5,78,51,13
261,Presencial,71,92.0,,,16.0,66,1,96,68,18
262,En línea,98,,38.0,18.0,,62,4,56,65,19
263,En línea,82,,46.0,5.0,,82,1,100,74,29
264,Presencial,75,100.0,,,8.0,97,4,66,89,23
265,En línea,94,,28.0,7.0,,51,5,70,97,17
266,En línea,57,,30.0,15.0,,58,5,54,79,36
267,Presencial,51,94.0,,,12.0,94,1,73,93,23
268,Presencial,69,71.0,,,12.0,75,1,72,62,39
269,En línea,94,,21.0,19.0,,85,5,84,84,33
270,En línea,88,,34.0,28.0,,68,1,60,97,36
271,En línea,88,,19.0,15.0,,67,5,99,76,30
272,Presencial,74,82.0,,,17.0,85,2,73,100,40
273,En línea,73,,44.0,16.0,,88,3,93,94,17
274,En línea,57,,43.0,23.0,,92,1,99,66,33
275,Presencial,64,85.0,,,17.0,77,1,77,98,33
276,En línea,74,,48.0,13.0,,82,5,83,93,48
277,En línea,100,,32.0,16.0,,86,4,56,95,31
278,En línea,63,,56.0,24.0,,88,4,65,51,47
279,En línea,65,,37.0,19.0,,61,1,52,93,27
280,En línea,53,,29.0,12.0,,52,3,91,72,19
281,En línea,78,,46.0,24.0,,59,2,78,79,41
282,Presencial,67,71.0,,,6.0,69,1,80,82,14
283,En línea,76,,45.0,20.0,,71,5,59,84,34
284,En línea,52,,48.0,24.0,,69,2,83,72,25
285,Presencial,63,84.0,,,9.0,79,2,52,71,35
286,Presencial,70,82.0,,,19.0,82,2,59,95,28
287,Presencial,72,72.0,,,7.0,100,4,72,88,12
288,Presencial,83,74.0,,,9.0,58,1,63,60,27
289,En línea,90,,40.0,19.0,,96,3,64,54,29
290,En línea,65,,19.0,14.0,,98,4,74,56,40
291,Presencial,75,75.0,,,18.0,60,4,82,71,33
292,En línea,87,,23.0,27.0,,73,3,61,61,42
293,Presencial,96,81.0,,,19.0,73,2,66,81,33
294,En línea,71,,53.0,20.0,,54,1,58,66,40
295,En línea,68,,28.0,17.0,,96,4,85,95,23
296,Presencial,75,73.0,,,14.0,50,3,51,100,28
297,En línea,75,,12.0,10.0,,82,3,90,96,28
298,Presencial,75,79.0,,,12.0,98,3,89,62,39
299,En línea,60,,10.0,10.0,,83,2,78,58,37
300,En línea,70,,14.0,14.0,,64,1,60,77,33
301,En línea,59,,23.0,17.0,,95,1,53,76,35
302,En línea,75,,55.0,12.0,,83,4,93,60,50
303,Presencial,73,82.0,,,9.0,51,3,89,80,29
304,En línea,94,,57.0,30.0,,87,3,80,55,46
305,Presencial,92,94.0,,,16.0,95,2,97,95,20
306,En línea,65,,60.0,28.0,,68,1,94,58,40
307,Presencial,50,95.0,,,7.0,88,3,98,94,23
308,Presencial,77,75.0,,,14.0,93,5,77,76,13
309,En línea,62,,37.0,25.0,,91,4,66,75,15
310,Presencial,61,70.0,,,9.0,73,1,64,86,35
311,Presencial,86,81.0,,,18.0,59,3,60,98,14
312,Presencial,94,75.0,,,16.0,57,3,79,91,29
313,Presencial,76,83.0,,,18.0,100,3,99,74,39
314,En línea,69,,12.0,15.0,,90,3,76,74,41
315,En línea,66,,54.0,13.0,,100,3,84,80,23
316,Presencial,62,84.0,,,13.0,64,1,68,59,23
317,En línea,88,,52.0,27.0,,86,1,56,82,16
318,En línea,72,,41.0,27.0,,96,4,53,93,33
319,En línea,52,,27.0,7.0,,95,4,94,53,43
320,Presencial,56,92.0,,,14.0,77,3,55,86,27
321,Presencial,60,71.0,,,10.0,62,5,62,52,32
322,En línea,65,,34.0,18.0,,66,5,78,90,22
323,En línea,60,,21.0,15.0,,89,5,86,56,17
324,Presencial,84,79.0,,,20.0,97,4,81,97,35
325,Presencial,99,98.0,,,6.0,70,3,55,94,39
326,En línea,57,,46.0,15.0,,82,1,63,98,10
327,Presencial,68,84.0,,,11.0,94,1,56,74,37
328,En línea,95,,19.0,29.0,,72,1,75,50,42
329,En línea,80,,36.0,21.0,,57,5,85,97,35
330,En línea,60,,10.0,9.0,,65,1,73,92,35
331,En línea,81,,18.0,5.0,,75,3,50,85,23
332,En línea,95,,38.0,27.0,,54,4,90,66,37
333,En línea,59,,46.0,17.0,,86,1,62,53,13
334,Presencial,75,71.0,,,19.0,83,2,94,57,35
335,Presencial,93,98.0,,,10.0,95,5,74,86,13
336,En línea,62,,28.0,8.0,,100,2,91,79,17
337,En línea,62,,25.0,17.0,,70,3,67,93,29
338,Presencial,75,70.0,,,19.0,96,3,67,95,23
339,En línea,67,,48.0,11.0,,95,1,97,67,29
340,En línea,73,,58.0,23.0,,51,2,95,95,39
341,Presencial,95,88.0,,,18.0,92,5,53,80,25
342,En línea,73,,56.0,6.0,,57,5,77,58,11
343,En línea,58,,56.0,15.0,,59,2,79,81,36
344,En línea,83,,18.0,5.0,,92,5,69,85,10
345,Presencial,88,97.0,,,8.0,98,4,50,63,26
346,En línea,75,,34.0,21.0,,94,4,77,86,11
347,Presencial,72,75.0,,,20.0,92,4,90,62,18
348,Presencial,51,94.0,,,16.0,71,3,99,54,13
349,En línea,60,,51.0,29.0,,97,4,64,99,36
350,En línea,58,,13.0,20.0,,69,1,74,81,21
351,En línea,50,,18.0,6.0,,94,1,66,71,28
352,Presencial,55,76.0,,,9.0,72,1,87,100,30
353,Presencial,93,91.0,,,13.0,74,1,78,73,21
354,Presencial,60,86.0,,,11.0,100,4,90,88,18
355,En línea,83,,60.0,14.0,,67,4,64,60,27
356,Presencial,71,89.0,,,12.0,51,1,89,99,34
357,En línea,55,,39.0,10.0,,99,3,87,62,27
358,En línea,72,,53.0,25.0,,82,4,82,91,30
359,En línea,74,,11.0,22.0,,90,4,81,52,41
360,En línea,62,,50.0,7.0,,82,3,82,94,43
361,Presencial,84,98.0,,,14.0,54,4,67,54,10
362,Presencial,68,94.0,,,5.0,84,4,78,86,34
363,Presencial,97,88.0,,,11.0,94,3,76,91,23
364,En línea,69,,52.0,22.0,,93,5,91,97,40
365,Presencial,73,99.0,,,12.0,59,3,95,100,28
366,En línea,69,,41.0,23.0,,53,4,55,60,19
367,En línea,87,,27.0,9.0,,76,3,76,100,41
368,En línea,83,,13.0,17.0,,99,2,68,60,32
369,Presencial,100,84.0,,,5.0,63,1,71,71,34
370,Presencial,66,80.0,,,9.0,74,4,98,69,16
371,Presencial,59,86.0,,,19.0,68,3,68,59,21
372,En línea,52,,47.0,27.0,,84,5,77,84,14
373,En línea,55,,52.0,17.0,,69,5,69,72,44
374,En línea,54,,45.0,9.0,,70,1,62,94,27
375,En línea,85,,57.0,24.0,,55,2,50,51,36
376,Presencial,87,86.0,,,8.0,100,3,58,59,32
377,En línea,86,,35.0,28.0,,58,1,78,90,30
378,Presencial,72,70.0,,,18.0,90,1,78,55,21
379,En línea,94,,45.0,24.0,,89,3,82,50,13
380,Presencial,59,90.0,,,10.0,92,2,54,96,33
381,En línea,94,,13.0,20.0,,51,1,53,94,47
382,En línea,98,,29.0,21.0,,72,3,92,83,36
383,Presencial,85,84.0,,,14.0,60,5,76,83,16
384,En línea,74,,26.0,19.0,,79,4,73,100,37
385,Presencial,65,98.0,,,14.0,81,1,92,53,27
386,En línea,100,,36.0,13.0,,68,1,66,86,18
387,Presencial,67,93.0,,,20.0,99,4,99,91,18
388,En línea,92,,56.0,20.0,,85,2,59,83,34
389,En línea,64,,39.0,14.0,,75,4,96,61,26
390,Presencial,86,72.0,,,19.0,86,2,95,65,25
391,En línea,63,,30.0,20.0,,67,1,96,79,29
392,Presencial,51,85.0,,,14.0,51,1,84,86,14
393,En línea,80,,40.0,13.0,,96,3,84,80,14
394,En línea,100,,15.0,14.0,,82,1,65,80,18
395,Presencial,61,85.0,,,11.0,65,1,84,98,22
396,Presencial,90,89.0,,,18.0,87,5,58,75,40
397,Presencial,94,70.0,,,10.0,53,1,67,97,36
398,En línea,70,,38.0,12.0,,65,3,63,79,47
399,Presencial,94,91.0,,,5.0,55,3,80,73,14
400,En línea,87,,16.0,25.0,,66,3,84,78,27
401,En línea,61,,23.0,20.0,,73,3,87,63,34
402,En línea,97,,27.0,13.0,,62,1,60,84,14
403,En línea,66,,46.0,30.0,,72,5,65,93,22
404,Presencial,100,89.0,,,10.0,50,2,65,59,16
405,Presencial,50,84.0,,,19.0,79,2,92,76,10
406,En línea,99,,25.0,9.0,,91,2,94,90,42
407,Presencial,96,87.0,,,18.0,50,5,60,82,34
408,Presencial,66,83.0,,,7.0,58,5,82,53,15
409,Presencial,80,82.0,,,10.0,65,2,66,87,32
410,Presencial,59,73.0,,,19.0,86,1,53,80,11
411,Presencial,70,91.0,,,6.0,80,5,79,91,29
412,Presencial,81,82.0,,,18.0,89,1,70,75,24
413,En línea,72,,42.0,13.0,,96,2,76,98,18
414,En línea,59,,27.0,17.0,,70,2,98,83,48
415,En línea,85,,47.0,8.0,,75,3,79,51,40
416,En línea,55,,33.0,27.0,,71,2,66,62,48
417,Presencial,63,98.0,,,8.0,69,5,87,76,31
418,Presencial,67,100.0,,,6.0,79,1,86,56,37
419,Presencial,84,100.0,,,8.0,92,2,97,59,12
420,Presencial,100,89.0,,,13.0,59,3,62,58,34
421,En línea,89,,30.0,23.0,,83,3,98,62,10
422,Presencial,53,100.0,,,15.0,83,2,84,80,27
423,Presencial,59,82.0,,,5.0,62,4,57,90,10
424,Presencial,98,74.0,,,18.0,91,5,63,82,32
425,Presencial,62,77.0,,,6.0,95,5,65,66,11
426,En línea,85,,41.0,20.0,,87,3,99,53,37
427,Presencial,56,89.0,,,12.0,95,3,93,63,19
428,Presencial,69,95.0,,,20.0,89,3,56,82,13
429,Presencial,67,71.0,,,8.0,87,3,84,99,16
430,En línea,52,,59.0,22.0,,94,2,78,84,47
431,En línea,52,,59.0,25.0,,70,3,100,88,20
432,En línea,92,,36.0,27.0,,67,4,53,79,36
433,En línea,87,,46.0,18.0,,83,4,62,54,14
434,En línea,73,,33.0,16.0,,56,5,54,97,23
435,En línea,54,,26.0,26.0,,60,4,91,75,24
436,Presencial,53,70.0,,,18.0,75,3,71,67,39
437,En línea,64,,35.0,6.0,,63,5,50,53,40
438,Presencial,73,80.0,,,13.0,81,1,71,69,27
439,Presencial,79,96.0,,,19.0,53,3,77,92,35
440,Presencial,100,97.0,,,11.0,91,3,77,66,11
441,En línea,86,,40.0,10.0,,81,1,53,84,48
442,En línea,51,,14.0,11.0,,77,4,50,97,40
443,Presencial,64,72.0,,,12.0,91,1,78,98,12
444,En línea,93,,54.0,13.0,,50,1,98,59,47
445,En línea,76,,14.0,18.0,,55,1,74,50,34
446,Presencial,93,70.0,,,11.0,86,1,60,71,10
447,En línea,50,,18.0,9.0,,69,1,87,83,48
448,Presencial,87,85.0,,,11.0,51,1,56,89,14
449,Presencial,88,75.0,,,10.0,51,5,66,61,30
450,En línea,83,,17.0,20.0,,77,5,86,70,41
451,En línea,60,,59.0,13.0,,64,4,95,72,34
452,En línea,100,,27.0,28.0,,95,5,81,99,33
453,Presencial,78,90.0,,,10.0,58,1,90,68,11
454,Presencial,77,79.0,,,12.0,71,5,84,70,16
455,Presencial,94,96.0,,,12.0,53,3,54,73,21
456,Presencial,63,99.0,,,19.0,96,1,97,69,14
457,En línea,59,,27.0,16.0,,87,5,55,75,11
458,Presencial,59,82.0,,,19.0,77,4,85,86,10
459,Presencial,100,73.0,,,7.0,66,3,60,56,19
460,Presencial,89,88.0,,,12.0,100,3,66,95,31
461,En línea,83,,29.0,8.0,,56,4,99,61,41
462,En línea,55,,41.0,13.0,,94,1,95,63,48
463,En línea,91,,40.0,24.0,,72,1,90,99,41
464,Presencial,83,75.0,,,15.0,84,4,89,86,14
465,En línea,82,,43.0,22.0,,97,3,75,53,36
466,Presencial,100,89.0,,,9.0,50,1,85,86,23
467,Presencial,98,90.0,,,6.0,60,5,80,65,20
468,En línea,91,,11.0,7.0,,68,3,83,81,39
469,Presencial,95,92.0,,,8.0,74,4,50,58,33
470,En línea,98,,44.0,28.0,,62,4,79,100,43
471,Presencial,93,81.0,,,5.0,50,3,99,64,33
472,Presencial,87,71.0,,,14.0,80,2,51,69,39
473,Presencial,53,98.0,,,6.0,53,1,95,91,21
474,Presencial,100,91.0,,,10.0,59,5,96,84,18
475,En línea,65,,24.0,24.0,,66,2,75,64,25
476,En línea,96,,33.0,26.0,,87,4,80,54,33
477,En línea,73,,30.0,19.0,,87,2,95,85,10
478,Presencial,84,74.0,,,7.0,93,3,74,69,11
479,En línea,79,,57.0,20.0,,50,4,95,95,31
480,Presencial,61,78.0,,,19.0,73,3,74,80,24
481,En línea,92,,50.0,11.0,,89,3,56,68,10
482,Presencial,64,95.0,,,15.0,51,3,85,97,16
483,En línea,78,,13.0,12.0,,79,5,95,88,37
484,Presencial,84,94.0,,,10.0,53,4,52,84,37
485,Presencial,93,92.0,,,9.0,68,2,72,58,37
486,En línea,100,,22.0,21.0,,94,3,58,55,30
487,En línea,69,,47.0,23.0,,51,1,100,68,46
488,En línea,53,,20.0,6.0,,64,2,87,63,28
489,En línea,75,,15.0,25.0,,60,1,66,53,21
490,Presencial,72,96.0,,,6.0,74,2,81,76,10
491,En línea,68,,21.0,6.0,,93,4,99,84,35
492,Presencial,89,94.0,,,9.0,83,2,95,66,10
493,En línea,67,,38.0,21.0,,86,5,60,82,32
494,En línea,79,,59.0,12.0,,97,4,54,58,48
495,En línea,53,,26.0,30.0,,97,1,54,67,28
496,En línea,83,,14.0,29.0,,59,3,100,91,23
497,Presencial,66,78.0,,,6.0,90,3,88,71,32
498,En línea,95,,32.0,30.0,,70,5,69,53,14
499,Presencial,71,77.0,,,6.0,97,5,71,64,26
500,En línea,50,,53.0,20.0,,65,1,83,61,37
501,En línea,92,,19.0,9.0,,69,3,50,93,31
502,Presencial,54,83.0,,,20.0,80,4,98,66,37
503,En línea,67,,35.0,9.0,,56,3,92,53,20
504,En línea,52,,46.0,7.0,,99,5,54,96,34
505,Presencial,59,76.0,,,16.0,54,5,73,84,31
506,Presencial,53,97.0,,,16.0,89,2,96,94,31
507,Presencial,100,88.0,,,15.0,91,4,50,70,20
508,En línea,100,,11.0,29.0,,55,1,80,78,18
509,En línea,81,,52.0,6.0,,51,4,93,51,43
510,En línea,62,,21.0,30.0,,87,2,91,75,46
511,Presencial,60,83.0,,,9.0,69,3,83,89,16
512,En línea,86,,56.0,27.0,,76,4,52,80,30
513,Presencial,57,73.0,,,13.0,66,2,66,61,30
514,Presencial,55,84.0,,,18.0,59,1,78,93,11
515,Presencial,82,84.0,,,17.0,71,2,100,90,21
516,En línea,77,,37.0,15.0,,66,5,74,85,50
517,Presencial,77,80.0,,,7.0,77,5,85,75,15
518,En línea,94,,20.0,5.0,,82,1,78,82,48
519,Presencial,50,81.0,,,5.0,72,4,52,62,23
520,Presencial,60,95.0,,,8.0,88,3,84,68,16
521,En línea,58,,20.0,21.0,,89,5,97,89,28
522,Presencial,96,87.0,,,18.0,73,1,91,80,20
523,En línea,64,,60.0,14.0,,84,4,60,71,32
524,En línea,86,,18.0,13.0,,88,1,89,52,19
525,Presencial,67,86.0,,,19.0,61,3,100,92,39
526,En línea,60,,17.0,25.0,,58,4,62,60,48
527,En línea,80,,28.0,24.0,,55,3,73,58,19
528,Presencial,74,84.0,,,14.0,96,2,91,97,11
529,En línea,61,,38.0,17.0,,59,2,60,69,16
530,En línea,78,,22.0,21.0,,63,2,95,96,31
531,Presencial,93,81.0,,,20.0,72,3,79,83,38
532,Presencial,71,92.0,,,11.0,56,1,79,94,15
533,En línea,92,,36.0,8.0,,95,2,88,87,24
534,Presencial,81,90.0,,,7.0,71,4,82,86,16
535,En línea,58,,39.0,9.0,,93,5,52,63,46
536,Presencial,94,73.0,,,6.0,72,4,79,70,16
537,Presencial,81,94.0,,,15.0,69,3,74,60,15
538,En línea,66,,46.0,10.0,,79,5,75,98,35
539,Presencial,90,78.0,,,20.0,95,4,69,78,38
540,Presencial,87,93.0,,,7.0,53,4,61,65,15
541,En línea,71,,20.0,26.0,,69,2,89,86,44
542,Presencial,63,89.0,,,17.0,88,4,61,66,15
543,En línea,51,,10.0,11.0,,70,3,88,92,49
544,Presencial,87,97.0,,,8.0,70,1,57,94,34
545,Presencial,86,88.0,,,15.0,95,2,70,93,28
546,En línea,82,,39.0,8.0,,78,2,91,71,24
547,Presencial,82,79.0,,,10.0,76,1,60,88,34
548,Presencial,72,74.0,,,12.0,54,2,60,87,34
549,En línea,94,,57.0,7.0,,85,1,51,97,17
550,En línea,58,,15.0,21.0,,76,5,54,65,11
551,Presencial,70,87.0,,,12.0,76,1,70,71,25
552,Presencial,72,83.0,,,16.0,77,4,53,54,20
553,En línea,58,,28.0,24.0,,52,2,62,66,44
554,Presencial,74,87.0,,,18.0,50,2,95,62,24
555,Presencial,77,78.0,,,11.0,62,1,98,57,13
556,Presencial,88,84.0,,,5.0,61,2,89,78,38
557,Presencial,83,70.0,,,12.0,99,2,87,85,27
558,Presencial,83,88.0,,,7.0,79,3,85,100,17
559,En línea,82,,16.0,16.0,,62,1,57,73,45
560,En línea,62,,11.0,26.0,,52,2,99,52,20
561,En línea,54,,24.0,28.0,,51,2,76,88,41
562,En línea,88,,28.0,18.0,,80,1,99,75,26
563,Presencial,96,83.0,,,17.0,65,5,53,96,38
564,En línea,55,,21.0,20.0,,81,3,66,60,18
565,Presencial,81,87.0,,,5.0,51,3,81,86,11
566,En línea,79,,35.0,19.0,,73,3,56,68,13
567,Presencial,69,83.0,,,18.0,97,4,78,97,28
568,Presencial,64,93.0,,,17.0,67,1,81,53,35
569,Presencial,100,97.0,,,11.0,54,5,67,67,23
570,En línea,52,,46.0,23.0,,93,1,50,66,35
571,En línea,93,,59.0,30.0,,83,3,70,67,13
572,Presencial,75,81.0,,,13.0,57,2,55,72,25
573,En línea,69,,30.0,28.0,,64,1,54,100,24
574,En línea,75,,39.0,26.0,,60,3,99,95,41
575,En línea,62,,43.0,15.0,,61,1,68,70,35
576,Presencial,99,90.0,,,6.0,75,2,93,72,11
577,En línea,87,,41.0,21.0,,52,1,99,84,20
578,En línea,97,,12.0,26.0,,82,2,65,97,40
579,Presencial,63,76.0,,,5.0,100,1,81,64,31
580,Presencial,75,90.0,,,14.0,74,4,59,97,34
581,En línea,99,,54.0,28.0,,61,1,63,78,47
582,Presencial,100,75.0,,,20.0,63,5,53,96,22
583,En línea,57,,49.0,27.0,,79,4,50,85,12
584,Presencial,51,71.0,,,15.0,52,1,79,85,40
585,Presencial,53,74.0,,,13.0,97,4,63,76,26
586,En línea,71,,24.0,13.0,,64,2,77,97,35
587,En línea,73,,18.0,15.0,,73,1,98,94,27
588,Presencial,51,94.0,,,20.0,85,2,59,93,16
589,En línea,81,,12.0,27.0,,64,3,77,84,22
590,En línea,89,,36.0,17.0,,99,1,53,74,42
591,En línea,70,,18.0,22.0,,80,1,64,53,50
592,En línea,57,,50.0,18.0,,63,2,78,73,46
593,En línea,69,,15.0,19.0,,74,3,71,50,12
594,Presencial,56,70.0,,,15.0,89,4,78,68,11
595,Presencial,70,93.0,,,16.0,72,1,72,54,30
596,Presencial,84,94.0,,,9.0,87,4,63,57,24
597,Presencial,97,80.0,,,20.0,81,5,96,82,18
598,En línea,91,,49.0,28.0,,80,1,84,89,12
599,Presencial,53,72.0,,,12.0,94,4,100,69,39
600,Presencial,68,98.0,,,13.0,90,2,97,65,25
601,Presencial,61,80.0,,,9.0,96,1,81,64,11
602,Presencial,67,89.0,,,15.0,81,5,81,93,13
603,Presencial,68,82.0,,,6.0,80,2,63,89,12
604,En línea,66,,26.0,18.0,,50,4,81,86,36
605,En línea,91,,42.0,26.0,,58,3,80,90,28
606,En línea,64,,51.0,10.0,,60,1,60,50,36
607,Presencial,71,99.0,,,9.0,82,4,59,56,33
608,Presencial,93,83.0,,,15.0,76,3,51,87,11
609,Presencial,94,79.0,,,12.0,90,1,92,93,16
610,Presencial,69,96.0,,,11.0,91,2,56,52,33
611,Presencial,98,95.0,,,14.0,64,2,100,92,31
612,En línea,97,,32.0,17.0,,82,5,57,60,41
613,En línea,82,,24.0,30.0,,97,2,100,65,46
614,En línea,54,,42.0,6.0,,57,3,85,72,47
615,En línea,94,,14.0,11.0,,69,4,97,81,47
616,Presencial,75,72.0,,,20.0,82,2,94,63,36
617,Presencial,81,76.0,,,10.0,98,2,83,72,20
618,Presencial,65,87.0,,,9.0,67,1,82,54,35
619,Presencial,50,91.0,,,16.0,94,2,90,72,18
620,Presencial,74,79.0,,,15.0,87,1,82,63,27
621,Presencial,76,100.0,,,6.0,84,1,63,100,18
622,Presencial,77,75.0,,,18.0,88,4,93,53,35
623,Presencial,91,85.0,,,16.0,56,1,98,90,25
624,Presencial,85,81.0,,,19.0,83,2,95,65,37
625,Presencial,89,81.0,,,11.0,76,5,52,99,14
626,Presencial,60,83.0,,,9.0,63,1,72,93,19
627,En línea,69,,13.0,14.0,,71,5,66,95,22
628,En línea,93,,18.0,28.0,,87,4,91,62,10
629,En línea,54,,46.0,19.0,,96,5,69,70,41
630,Presencial,55,77.0,,,16.0,75,5,60,72,29
631,Presencial,87,74.0,,,8.0,75,4,70,72,40
632,En línea,62,,15.0,29.0,,98,2,70,52,35
633,En línea,55,,21.0,24.0,,89,5,95,83,21
634,En línea,63,,31.0,28.0,,93,2,71,67,37
635,En línea,66,,10.0,30.0,,67,1,55,69,46
636,En línea,63,,47.0,17.0,,69,4,88,52,19
637,En línea,100,,24.0,11.0,,86,3,79,61,42
638,Presencial,83,89.0,,,10.0,57,1,54,68,38
639,Presencial,86,74.0,,,15.0,99,3,82,92,10
640,En línea,74,,21.0,29.0,,58,3,58,76,34
641,En línea,96,,40.0,22.0,,85,5,66,61,22
642,Presencial,100,77.0,,,20.0,96,5,67,93,23
643,En línea,75,,47.0,22.0,,95,1,71,56,25
644,Presencial,56,79.0,,,15.0,59,4,63,98,12
645,En línea,51,,42.0,10.0,,96,4,61,58,39
646,Presencial,80,70.0,,,19.0,63,2,60,79,30
647,Presencial,50,76.0,,,20.0,58,3,78,89,17
648,En línea,71,,25.0,21.0,,82,5,62,65,36
649,En línea,69,,48.0,20.0,,56,3,74,86,33
650,Presencial,56,84.0,,,16.0,78,5,81,71,11
651,Presencial,96,78.0,,,19.0,58,3,83,58,21
652,En línea,96,,53.0,25.0,,87,4,79,65,18
653,En línea,74,,22.0,20.0,,66,4,95,70,30
654,En línea,67,,60.0,20.0,,74,5,75,61,29
655,Presencial,100,94.0,,,9.0,69,2,87,95,11
656,En línea,89,,46.0,12.0,,96,2,81,74,43
657,Presencial,62,75.0,,,10.0,77,3,88,71,34
658,Presencial,55,80.0,,,17.0,54,5,99,92,12
659,Presencial,98,77.0,,,11.0,65,1,71,67,34
660,Presencial,73,87.0,,,11.0,78,1,84,91,30
661,Presencial,84,96.0,,,19.0,88,1,56,99,22
662,En línea,71,,28.0,16.0,,53,4,76,93,18
663,Presencial,97,74.0,,,16.0,65,3,86,87,13
664,Presencial,78,72.0,,,13.0,52,4,93,90,26
665,En línea,76,,45.0,18.0,,67,3,53,89,42
666,Presencial,84,86.0,,,16.0,67,4,86,60,20
667,Presencial,62,74.0,,,12.0,80,5,72,57,11
668,En línea,73,,31.0,10.0,,76,2,85,76,25
669,En línea,98,,26.0,29.0,,79,3,100,95,19
670,Presencial,59,73.0,,,13.0,65,4,71,99,11
671,Presencial,54,74.0,,,15.0,63,3,88,78,33
672,En línea,70,,22.0,30.0,,53,2,96,67,50
673,Presencial,98,87.0,,,10.0,58,2,87,76,24
674,En línea,83,,46.0,6.0,,99,3,53,72,45
675,Presencial,86,89.0,,,14.0,79,5,50,63,32
676,En línea,85,,13.0,25.0,,53,5,97,85,35
677,En línea,68,,52.0,25.0,,74,3,56,85,39
678,Presencial,53,88.0,,,11.0,84,1,92,89,29
679,Presencial,80,96.0,,,8.0,63,2,65,100,38
680,En línea,64,,52.0,7.0,,93,4,53,61,27
681,Presencial,80,92.0,,,8.0,91,5,80,61,32
682,En línea,61,,12.0,10.0,,95,4,100,96,20
683,Presencial,66,72.0,,,11.0,60,2,59,55,28
684,En línea,87,,46.0,21.0,,54,1,60,99,15
685,En línea,100,,41.0,7.0,,90,4,51,55,13
686,En línea,58,,45.0,18.0,,70,4,61,75,18
687,En línea,64,,22.0,12.0,,87,3,70,88,40
688,Presencial,71,85.0,,,12.0,92,1,73,78,29
689,Presencial,76,91.0,,,9.0,71,4,75,85,39
690,En línea,87,,52.0,6.0,,63,4,58,98,17
691,Presencial,83,80.0,,,13.0,76,1,69,86,38
692,Presencial,52,83.0,,,9.0,87,3,89,57,32
693,Presencial,89,98.0,,,20.0,58,1,50,69,20
694,En línea,51,,42.0,17.0,,78,2,94,92,27
695,En línea,84,,38.0,12.0,,95,4,90,73,24
696,En línea,54,,24.0,23.0,,72,2,98,65,44
697,Presencial,87,84.0,,,5.0,71,5,78,59,18
698,En línea,80,,12.0,14.0,,53,3,88,91,41
699,En línea,93,,34.0,27.0,,88,3,99,94,50
700,Presencial,54,96.0,,,14.0,62,2,78,88,21
701,En línea,66,,13.0,9.0,,94,3,81,98,37
702,En línea,62,,58.0,11.0,,68,1,64,75,38
703,En línea,72,,49.0,27.0,,51,2,97,96,36
704,En línea,52,,42.0,13.0,,65,3,99,74,15
705,En línea,70,,21.0,27.0,,56,1,72,68,25
706,En línea,74,,36.0,18.0,,52,4,61,90,30
707,Presencial,92,100.0,,,15.0,80,1,80,76,12
708,Presencial,83,96.0,,,16.0,62,1,75,81,26
709,Presencial,83,78.0,,,13.0,67,4,83,80,10
710,Presencial,75,76.0,,,20.0,96,5,86,50,35
711,Presencial,90,87.0,,,16.0,97,2,84,71,20
712,En línea,69,,51.0,30.0,,57,2,62,77,29
713,En línea,70,,30.0,21.0,,100,3,90,73,11
714,En línea,74,,38.0,26.0,,50,2,68,91,40
715,En línea,54,,42.0,8.0,,86,2,76,76,29
716,En línea,77,,25.0,12.0,,56,4,81,59,29
717,Presencial,62,76.0,,,14.0,61,4,73,62,23
718,Presencial,85,79.0,,,10.0,100,4,70,80,28
719,En línea,88,,47.0,26.0,,96,4,88,97,22
720,Presencial,76,77.0,,,7.0,60,1,80,100,21
721,Presencial,92,77.0,,,18.0,55,3,76,64,34
722,Presencial,65,88.0,,,11.0,82,4,90,88,21
723,En línea,79,,35.0,28.0,,60,2,53,73,33
724,Presencial,53,85.0,,,10.0,97,1,60,60,27
725,En línea,76,,13.0,7.0,,76,1,86,100,50
726,Presencial,96,77.0,,,8.0,76,2,99,91,38
727,En línea,71,,14.0,28.0,,81,1,77,62,21
728,En línea,99,,22.0,15.0,,94,3,62,73,44
729,Presencial,86,95.0,,,19.0,51,5,81,63,35
730,Presencial,71,81.0,,,6.0,97,3,92,99,17
731,En línea,63,,17.0,26.0,,75,5,72,59,34
732,En línea,98,,35.0,11.0,,99,4,100,71,13
733,En línea,68,,47.0,11.0,,65,5,100,86,15
734,Presencial,86,83.0,,,13.0,72,2,56,64,31
735,En línea,85,,52.0,16.0,,50,2,69,88,39
736,En línea,94,,51.0,16.0,,89,3,89,68,32
737,Presencial,76,96.0,,,6.0,67,5,68,78,10
738,Presencial,69,87.0,,,11.0,57,4,60,57,32
739,Presencial,50,84.0,,,19.0,55,1,78,95,21
740,Presencial,80,83.0,,,9.0,79,2,84,98,25
741,Presencial,52,77.0,,,11.0,58,4,83,62,32
742,En línea,86,,44.0,15.0,,59,5,96,64,14
743,En línea,65,,49.0,11.0,,65,1,55,74,35
744,En línea,95,,23.0,7.0,,86,4,98,81,33
745,Presencial,50,80.0,,,8.0,72,4,82,88,18
746,En línea,51,,43.0,29.0,,58,5,51,56,24
747,En línea,65,,21.0,17.0,,77,3,55,58,29
748,En línea,63,,32.0,18.0,,79,2,97,91,16
749,En línea,67,,12.0,5.0,,92,4,77,77,42
750,Presencial,96,72.0,,,9.0,51,2,81,76,25
751,Presencial,60,89.0,,,6.0,75,2,63,79,33
752,En línea,54,,53.0,26.0,,61,4,89,58,23
753,Presencial,100,75.0,,,19.0,93,4,64,67,18
754,Presencial,76,96.0,,,11.0,93,1,92,63,18
755,En línea,50,,37.0,10.0,,85,1,75,59,40
756,Presencial,57,72.0,,,17.0,66,3,80,99,19
757,En línea,79,,12.0,26.0,,78,2,82,56,46
758,Presencial,51,95.0,,,17.0,64,1,89,60,18
759,Presencial,66,90.0,,,14.0,51,1,90,83,12
760,Presencial,53,86.0,,,16.0,100,5,74,98,12
761,Presencial,82,81.0,,,9.0,91,1,93,70,29
762,Presencial,79,95.0,,,15.0,100,4,100,53,13
763,Presencial,62,89.0,,,11.0,53,5,67,54,25
764,Presencial,74,81.0,,,16.0,89,2,69,60,11
765,Presencial,69,88.0,,,12.0,65,3,75,83,11
766,Presencial,99,83.0,,,15.0,97,4,86,61,19
767,En línea,95,,10.0,15.0,,94,5,94,50,17
768,Presencial,61,76.0,,,14.0,66,5,97,86,33
769,Presencial,88,91.0,,,9.0,70,5,75,71,32
770,En línea,73,,33.0,30.0,,96,4,61,59,23
771,Presencial,64,70.0,,,7.0,94,2,54,81,39
772,Presencial,74,86.0,,,18.0,62,3,77,51,15
773,Presencial,82,88.0,,,10.0,70,3,69,95,27
774,En línea,51,,60.0,10.0,,82,3,54,67,50
775,Presencial,51,71.0,,,16.0,73,3,70,92,40
776,En línea,73,,50.0,27.0,,78,2,75,82,43
777,En línea,62,,28.0,23.0,,56,5,54,66,45
778,En línea,57,,14.0,25.0,,87,5,76,80,32
779,En línea,99,,10.0,28.0,,55,4,65,97,44
780,Presencial,77,80.0,,,5.0,73,3,100,77,28
781,En línea,82,,21.0,22.0,,97,4,92,81,47
782,Presencial,61,70.0,,,15.0,92,5,87,87,28
783,En línea,77,,57.0,27.0,,90,2,67,78,43
784,Presencial,67,80.0,,,9.0,84,2,50,65,38
785,Presencial,94,84.0,,,11.0,95,5,51,82,23
786,Presencial,99,77.0,,,15.0,87,5,90,53,15
787,Presencial,81,88.0,,,19.0,71,2,84,63,34
788,En línea,87,,37.0,18.0,,80,2,98,62,11
789,Presencial,100,74.0,,,17.0,57,2,59,80,29
790,Presencial,69,73.0,,,5.0,79,5,92,59,25
791,En línea,90,,29.0,6.0,,72,3,56,88,14
792,En línea,100,,24.0,30.0,,57,5,77,58,28
793,Presencial,86,70.0,,,5.0,98,3,84,91,21
794,En línea,82,,42.0,28.0,,52,1,61,67,23
795,Presencial,79,83.0,,,15.0,76,1,83,88,31
796,En línea,65,,54.0,21.0,,60,5,55,51,41
797,En línea,94,,29.0,15.0,,85,4,50,54,44
798,Presencial,55,73.0,,,18.0,65,5,59,69,12
799,En línea,75,,29.0,12.0,,60,4,91,62,35
800,En línea,65,,18.0,12.0,,95,1,81,91,39
801,En línea,52,,37.0,28.0,,78,1,82,60,14
802,Presencial,73,96.0,,,5.0,62,1,62,83,23
803,Presencial,81,71.0,,,6.0,66,1,98,73,36
804,Presencial,73,93.0,,,16.0,77,5,70,85,12
805,En línea,76,,28.0,10.0,,90,2,60,96,21
806,En línea,56,,36.0,11.0,,58,1,99,64,49
807,Presencial,53,73.0,,,6.0,56,2,81,98,25
808,En línea,62,,58.0,9.0,,93,4,81,88,20
809,En línea,55,,34.0,14.0,,68,4,56,56,22
810,En línea,82,,14.0,14.0,,84,4,98,89,24
811,Presencial,99,87.0,,,15.0,84,3,98,50,19
812,Presencial,84,80.0,,,18.0,78,4,73,65,31
813,En línea,96,,34.0,26.0,,100,3,84,76,15
814,Presencial,61,87.0,,,14.0,79,5,86,92,27
815,Presencial,100,91.0,,,8.0,75,3,71,95,34
816,En línea,73,,35.0,20.0,,52,1,65,55,21
817,En línea,86,,50.0,16.0,,86,5,54,57,13
818,En línea,58,,54.0,20.0,,67,1,73,70,49
819,Presencial,89,99.0,,,11.0,59,2,80,62,32
820,Presencial,94,84.0,,,11.0,50,4,56,54,37
821,Presencial,93,89.0,,,20.0,100,3,87,99,23
822,Presencial,54,82.0,,,9.0,66,5,92,76,36
823,En línea,80,,51.0,11.0,,88,5,97,52,35
824,Presencial,58,73.0,,,15.0,67,3,55,69,33
825,En línea,77,,51.0,5.0,,81,4,51,57,35
826,En línea,91,,35.0,14.0,,71,1,77,67,30
827,En línea,87,,27.0,10.0,,58,2,50,72,43
828,Presencial,78,98.0,,,8.0,99,4,65,89,23
829,Presencial,94,89.0,,,15.0,53,5,70,94,21
830,Presencial,66,73.0,,,14.0,94,3,93,88,34
831,Presencial,98,88.0,,,12.0,57,4,52,58,19
832,Presencial,89,88.0,,,9.0,71,2,77,65,16
833,En línea,58,,56.0,11.0,,81,3,96,77,29
834,Presencial,86,96.0,,,17.0,89,3,63,83,14
835,Presencial,50,86.0,,,17.0,74,5,59,65,24
836,En línea,88,,60.0,27.0,,55,5,97,96,38
837,En línea,79,,18.0,17.0,,54,4,86,95,44
838,En línea,90,,32.0,26.0,,61,4,86,76,28
839,En línea,100,,24.0,20.0,,62,2,82,93,20
840,Presencial,69,78.0,,,9.0,92,2,74,59,18
841,En línea,71,,23.0,27.0,,75,5,98,88,41
842,Presencial,54,90.0,,,7.0,100,3,58,74,36
843,En línea,91,,37.0,10.0,,67,3,94,71,24
844,Presencial,70,82.0,,,5.0,81,3,74,85,19
845,En línea,63,,42.0,17.0,,82,2,90,65,46
846,Presencial,81,82.0,,,8.0,74,5,99,51,29
847,En línea,64,,25.0,29.0,,77,3,63,50,15
848,Presencial,50,77.0,,,5.0,60,3,100,66,36
849,En línea,83,,25.0,17.0,,93,1,88,88,23
850,En línea,69,,55.0,25.0,,59,3,95,74,45
851,Presencial,89,93.0,,,15.0,75,1,68,53,39
852,Presencial,87,99.0,,,9.0,52,2,82,61,26
853,Presencial,66,76.0,,,16.0,86,2,82,80,27
854,Presencial,79,70.0,,,14.0,54,3,82,75,38
855,En línea,75,,36.0,13.0,,86,1,77,54,46
856,Presencial,74,77.0,,,15.0,55,5,56,51,39
857,Presencial,80,83.0,,,13.0,89,1,85,63,24
858,En línea,58,,53.0,24.0,,77,1,95,95,12
859,Presencial,56,95.0,,,19.0,50,2,90,92,20
860,Presencial,60,95.0,,,9.0,83,5,70,89,34
861,Presencial,81,91.0,,,7.0,93,5,91,57,31
862,En línea,81,,13.0,29.0,,97,5,58,70,20
863,Presencial,85,76.0,,,15.0,66,5,91,100,10
864,Presencial,90,94.0,,,5.0,94,1,56,100,35
865,Presencial,93,81.0,,,17.0,89,5,81,63,39
866,En línea,57,,35.0,23.0,,76,3,64,99,12
867,En línea,77,,26.0,26.0,,70,5,63,76,24
868,Presencial,95,81.0,,,8.0,55,2,88,71,38
869,En línea,53,,44.0,9.0,,54,4,82,96,12
870,Presencial,95,94.0,,,9.0,50,4,63,83,28
871,Presencial,69,98.0,,,9.0,51,3,97,73,14
872,En línea,77,,13.0,23.0,,61,2,80,80,38
873,En línea,51,,15.0,30.0,,53,5,79,57,34
874,Presencial,82,91.0,,,16.0,99,2,100,73,34
875,Presencial,58,88.0,,,15.0,73,3,82,72,23
876,En línea,100,,44.0,18.0,,86,5,68,51,18
877,Presencial,82,80.0,,,15.0,66,1,86,92,24
878,Presencial,64,86.0,,,16.0,81,5,56,85,27
879,En línea,52,,48.0,12.0,,50,4,71,64,20
880,En línea,86,,20.0,10.0,,66,3,66,50,11
881,En línea,96,,53.0,15.0,,86,1,57,65,44
882,Presencial,75,90.0,,,17.0,83,2,68,98,30
883,En línea,56,,38.0,9.0,,65,4,78,62,44
884,Presencial,60,82.0,,,20.0,83,5,77,73,11
885,Presencial,51,88.0,,,7.0,85,3,79,62,37
886,Presencial,52,79.0,,,11.0,88,2,97,50,20
887,En línea,55,,17.0,13.0,,91,1,97,91,40
888,Presencial,53,82.0,,,7.0,79,1,62,87,15
889,Presencial,97,100.0,,,11.0,85,5,78,89,37
890,Presencial,90,86.0,,,11.0,95,1,97,56,35
891,Presencial,94,90.0,,,17.0,85,1,95,76,25
892,En línea,80,,49.0,7.0,,81,4,80,64,30
893,En línea,85,,28.0,6.0,,61,5,51,63,26
894,En línea,87,,57.0,20.0,,86,3,95,57,42
895,Presencial,61,86.0,,,17.0,93,1,98,89,17
896,En línea,77,,55.0,7.0,,83,3,67,74,21
897,En línea,52,,26.0,24.0,,75,4,97,64,34
898,Presencial,81,88.0,,,10.0,64,3,62,70,23
899,Presencial,98,72.0,,,5.0,74,2,90,91,30
900,En línea,87,,32.0,18.0,,74,5,77,63,39
901,Presencial,57,85.0,,,7.0,90,4,58,88,28
902,En línea,99,,48.0,6.0,,97,3,76,72,21
903,Presencial,75,77.0,,,12.0,65,4,99,53,39
904,Presencial,91,85.0,,,10.0,76,3,67,63,19
905,En línea,94,,56.0,9.0,,67,5,86,81,20
906,Presencial,70,100.0,,,12.0,98,3,85,60,35
907,Presencial,79,86.0,,,13.0,59,2,64,75,23
908,Presencial,92,97.0,,,9.0,86,2,51,54,34
909,Presencial,75,76.0,,,5.0,74,3,87,100,18
910,En línea,94,,41.0,17.0,,55,3,58,58,35
911,En línea,87,,33.0,10.0,,78,3,84,51,33
912,Presencial,70,82.0,,,11.0,96,5,52,73,39
913,Presencial,53,84.0,,,16.0,57,3,91,72,28
914,Presencial,95,72.0,,,8.0,82,2,51,65,32
915,Presencial,59,97.0,,,13.0,97,4,90,81,37
916,Presencial,77,74.0,,,9.0,67,4,68,97,29
917,Presencial,64,86.0,,,7.0,87,5,64,85,33
918,Presencial,99,85.0,,,12.0,74,2,59,64,39
919,Presencial,53,82.0,,,11.0,61,5,60,63,19
920,En línea,57,,57.0,11.0,,69,2,62,67,47
921,En línea,66,,27.0,16.0,,57,4,73,61,13
922,Presencial,90,96.0,,,11.0,85,4,88,79,37
923,Presencial,65,91.0,,,12.0,55,5,73,96,11
924,En línea,58,,52.0,23.0,,84,5,91,97,38
925,En línea,98,,33.0,5.0,,74,1,59,63,49
926,En línea,96,,33.0,10.0,,95,2,57,94,40
927,Presencial,51,81.0,,,6.0,67,3,66,66,38
928,Presencial,61,95.0,,,10.0,92,4,84,95,15
929,En línea,69,,51.0,7.0,,74,2,92,96,22
930,Presencial,72,91.0,,,11.0,65,5,99,65,38
931,Presencial,51,98.0,,,20.0,83,3,98,92,32
932,En línea,69,,39.0,5.0,,85,3,88,52,31
933,En línea,82,,45.0,12.0,,93,3,64,84,50
934,Presencial,52,78.0,,,12.0,96,3,75,51,14
935,Presencial,51,80.0,,,17.0,86,1,77,92,35
936,En línea,73,,36.0,22.0,,58,1,58,62,32
937,Presencial,93,86.0,,,16.0,82,5,55,84,39
938,En línea,66,,36.0,12.0,,96,3,56,71,49
939,Presencial,66,97.0,,,7.0,81,4,82,80,19
940,Presencial,96,81.0,,,9.0,64,5,87,80,39
941,En línea,86,,31.0,10.0,,84,5,86,100,16
942,En línea,87,,39.0,9.0,,95,1,66,91,48
943,En línea,71,,38.0,22.0,,63,2,87,58,16
944,Presencial,94,96.0,,,19.0,84,4,86,60,40
945,En línea,74,,50.0,28.0,,79,1,51,70,24
946,En línea,62,,41.0,8.0,,59,1,71,79,12
947,Presencial,86,81.0,,,19.0,91,3,85,88,20
948,En línea,80,,34.0,8.0,,100,5,69,83,29
949,En línea,68,,46.0,11.0,,82,1,96,54,21
950,En línea,97,,32.0,13.0,,99,3,70,90,33
951,Presencial,65,75.0,,,7.0,58,1,96,63,17
952,Presencial,78,71.0,,,16.0,57,1,88,52,37
953,En línea,50,,29.0,17.0,,82,3,83,53,22
954,En línea,71,,43.0,25.0,,59,4,94,82,35
955,Presencial,78,89.0,,,9.0,100,1,78,76,22
956,En línea,90,,23.0,16.0,,80,3,91,91,22
957,Presencial,68,99.0,,,10.0,62,1,61,90,37
958,En línea,61,,59.0,5.0,,73,5,85,60,27
959,En línea,60,,43.0,22.0,,79,1,73,97,26
960,Presencial,96,88.0,,,20.0,72,1,98,85,15
961,En línea,63,,17.0,17.0,,81,4,60,63,30
962,En línea,53,,19.0,7.0,,96,3,96,95,18
963,Presencial,94,86.0,,,20.0,70,5,58,64,33
964,Presencial,84,94.0,,,14.0,69,3,80,81,20
965,Presencial,78,94.0,,,8.0,98,4,50,67,28
966,En línea,90,,25.0,30.0,,58,1,54,95,22
967,En línea,82,,19.0,19.0,,79,5,82,67,33
968,Presencial,51,87.0,,,11.0,70,1,69,60,29
969,En línea,77,,56.0,10.0,,54,2,72,90,34
970,Presencial,83,100.0,,,9.0,80,4,50,54,20
971,Presencial,77,78.0,,,9.0,58,1,83,94,29
972,Presencial,73,75.0,,,12.0,88,1,59,92,10
973,Presencial,55,73.0,,,10.0,97,3,50,100,15
974,Presencial,76,83.0,,,17.0,67,1,79,96,22
975,Presencial,57,72.0,,,14.0,74,1,92,79,12
976,En línea,90,,45.0,25.0,,80,5,75,95,23
977,Presencial,76,95.0,,,8.0,75,5,64,92,20
978,En línea,58,,12.0,21.0,,57,5,54,100,48
979,En línea,70,,48.0,11.0,,73,5,80,78,17
980,En línea,66,,27.0,8.0,,83,5,100,74,44
981,Presencial,89,94.0,,,18.0,79,3,52,77,38
982,Presencial,74,93.0,,,19.0,77,5,99,58,21
983,En línea,60,,42.0,8.0,,61,1,54,53,28
984,En línea,54,,57.0,25.0,,94,4,66,89,20
985,En línea,83,,23.0,16.0,,66,2,53,83,19
986,Presencial,52,86.0,,,17.0,57,5,87,56,21
987,Presencial,78,95.0,,,7.0,51,4,61,67,12
988,Presencial,74,72.0,,,18.0,50,2,51,64,37
989,Presencial,50,91.0,,,17.0,71,3,74,57,15
990,En línea,70,,36.0,17.0,,72,4,58,57,22
991,Presencial,59,87.0,,,14.0,80,2,92,59,35
992,Presencial,79,97.0,,,5.0,76,3,77,77,16
993,Presencial,75,82.0,,,12.0,59,3,91,76,37
994,En línea,90,,16.0,29.0,,73,3,61,83,25
995,Presencial,98,79.0,,,20.0,53,3,68,59,31
996,Presencial,68,86.0,,,14.0,98,4,57,60,26
997,Presencial,61,78.0,,,5.0,67,3,85,72,33
998,En línea,76,,37.0,21.0,,97,4,97,75,28
999,Presencial,78,87.0,,,12.0,92,4,88,80,20
1000,Presencial,88,80.0,,,8.0,100,2,53,70,17
